{"cameraMode":{"drawMode":0,"name":"Shaded","section":"Shading Mode"},"sceneLighting":true,"audioPlay":false,"sceneViewState":{"m_AlwaysRefresh":false,"showFog":true,"showSkybox":true,"showFlares":true,"showImageEffects":true,"showParticleSystems":true,"showVisualEffectGraphs":true,"m_FxEnabled":true},"in2DMode":false,"pivot":{"x":11.203492164611817,"y":10.605839729309082,"z":-1.3418159484863282},"rotation":{"x":-0.0480981320142746,"y":-0.08918005973100662,"z":0.004311175085604191,"w":-0.9948461651802063},"size":12.12435531616211,"orthographic":false}